id|fact|category|question|correct|wrong1|wrong2|wrong3|explanation|book|chapter|sourceURL
ga_01_41|harry.childhood.bedroom|Locations|In the first book, Harry Potter and the Philosopher's Stone, where does Harry sleep at the Dursleys' home before he is given a bedroom?|A cupboard under the stairs|An attic bedroom|The garden shed|A room above the garage|Harry sleeps in the cupboard beneath the stairs before moving into Dudley's second bedroom. This occurs in the first book, Harry Potter and the Philosopher's Stone, chapter 2.|ps|2|https://www.hp-lexicon.org/source/the-harry-potter-novels/ps/ps2/
ga_01_42|harry.father.name|Families|In the first book, Harry Potter and the Philosopher's Stone, what is Harry Potter's father's first name?|James|Arthur|Remus|Sirius|Harry's father is James Potter. This occurs in the first book, Harry Potter and the Philosopher's Stone, chapter 1.|ps|1|https://www.hp-lexicon.org/source/the-harry-potter-novels/ps/ps1/
ga_01_43|petunia.first.name|Families|In the first book, Harry Potter and the Philosopher's Stone, what is the first name of Harry's Aunt Dursley?|Petunia|Marge|Arabella|Molly|Petunia Dursley is Harry's aunt and Lily Potter's sister. This occurs in the first book, Harry Potter and the Philosopher's Stone, chapter 1.|ps|1|https://www.hp-lexicon.org/source/the-harry-potter-novels/ps/ps1/
ga_01_44|hagrid.first.birthday.cake|Objects|In the first book, Harry Potter and the Philosopher's Stone, what birthday treat does Hagrid bring Harry when they first meet?|A cake|A chocolate egg|A treacle tart|A box of fudge|Hagrid brings Harry a birthday cake when he visits the hut. This occurs in the first book, Harry Potter and the Philosopher's Stone, chapter 4.|ps|4|https://www.hp-lexicon.org/source/the-harry-potter-novels/ps/ps4/
ga_01_45|halloween.bathroom.creature|Creatures|In the first book, Harry Potter and the Philosopher's Stone, what large creature corners Hermione in a bathroom on Halloween?|A troll|A giant|An ogre|A werewolf|A mountain troll corners Hermione in the girls' bathroom. This occurs in the first book, Harry Potter and the Philosopher's Stone, chapter 10.|ps|10|https://www.hp-lexicon.org/source/the-harry-potter-novels/ps/ps10/
ga_01_46|harry.zoo.escape.animal|Magical events|In the first book, Harry Potter and the Philosopher's Stone, what kind of animal escapes its enclosure when Harry visits the zoo?|A snake|A lion|A monkey|A crocodile|The glass disappears and the snake escapes from its enclosure. This occurs in the first book, Harry Potter and the Philosopher's Stone, chapter 2.|ps|2|https://www.hp-lexicon.org/source/the-harry-potter-novels/ps/ps2/
ga_01_47|marge.inflation.event|Magical events|In the third book, Harry Potter and the Prisoner of Azkaban, what happens to Aunt Marge when Harry loses his temper during her visit?|She inflates like a balloon|She turns into a cat|She shrinks to the size of a mouse|She becomes invisible|Harry accidentally inflates Aunt Marge after she insults his parents. This occurs in the third book, Harry Potter and the Prisoner of Azkaban, chapter 2.|pa|2|https://www.hp-lexicon.org/source/the-harry-potter-novels/pa/pa2/
ga_01_48|dudley.tail.species|Magical events|In the first book, Harry Potter and the Philosopher's Stone, what animal's tail does Hagrid accidentally give Dudley?|A pig's tail|A rat's tail|A donkey's tail|A lizard's tail|Hagrid's attempted transformation leaves Dudley with a pig's tail. This occurs in the first book, Harry Potter and the Philosopher's Stone, chapter 4.|ps|4|https://www.hp-lexicon.org/source/the-harry-potter-novels/ps/ps4/
ga_01_49|harry.first.broom.model|Quidditch|In the first book, Harry Potter and the Philosopher's Stone, what model is Harry's first school Quidditch broom?|Nimbus Two Thousand|Firebolt|Cleansweep Seven|Comet Two Sixty|Harry receives a Nimbus Two Thousand for his first season at Hogwarts. This occurs in the first book, Harry Potter and the Philosopher's Stone, chapter 10.|ps|10|https://www.hp-lexicon.org/source/the-harry-potter-novels/ps/ps10/
ga_01_50|hermione.parents.profession|Families|In the second book, Harry Potter and the Chamber of Secrets, what is the profession of Hermione's parents?|Dentists|Doctors|Teachers|Solicitors|Both of Hermione's parents work as dentists. This occurs in the second book, Harry Potter and the Chamber of Secrets, chapter 4.|cs|4|https://www.hp-lexicon.org/source/the-harry-potter-novels/cs/cs4/
ga_02_41|ron.chess.sacrifice|Characters|In the first book, Harry Potter and the Philosopher's Stone, who sacrifices his chess piece so Harry can continue towards the Philosopher's Stone?|Ron Weasley|Neville Longbottom|Seamus Finnigan|Draco Malfoy|Ron sacrifices his knight to allow Harry to win the chess game. This occurs in the first book, Harry Potter and the Philosopher's Stone, chapter 16.|ps|16|https://www.hp-lexicon.org/source/the-harry-potter-novels/ps/ps16/
ga_02_42|first.year.boat.guide|School life|In the first book, Harry Potter and the Philosopher's Stone, who takes first-year students across the lake to Hogwarts?|Hagrid|Filch|McGonagall|Flitwick|Hagrid guides the first-years across the lake in boats. This occurs in the first book, Harry Potter and the Philosopher's Stone, chapter 6.|ps|6|https://www.hp-lexicon.org/source/the-harry-potter-novels/ps/ps6/
ga_02_43|fluffy.sleep.method|Magical obstacles|In the first book, Harry Potter and the Philosopher's Stone, what makes Fluffy fall asleep?|Music|Moonlight|Warm milk|A whispered password|Music sends Fluffy to sleep, allowing access to the trapdoor. This occurs in the first book, Harry Potter and the Philosopher's Stone, chapter 16.|ps|16|https://www.hp-lexicon.org/source/the-harry-potter-novels/ps/ps16/
ga_02_44|gryffindor.initial.portrait|Portraits|In the first book, Harry Potter and the Philosopher's Stone, which portrait guards the entrance to Gryffindor Tower at the start of Harry's first year?|The Fat Lady|Sir Cadogan|Ariana Dumbledore|Phineas Nigellus Black|The Fat Lady's portrait guards the entrance to Gryffindor Tower. This occurs in the first book, Harry Potter and the Philosopher's Stone, chapter 7.|ps|7|https://www.hp-lexicon.org/source/the-harry-potter-novels/ps/ps7/
ga_02_45|colin.camera.hobby|Characters|In the second book, Harry Potter and the Chamber of Secrets, which student repeatedly asks to photograph Harry with his camera?|Colin Creevey|Dennis Creevey|Justin Finch-Fletchley|Ernie Macmillan|Colin Creevey carries a camera and is eager to photograph Harry. This occurs in the second book, Harry Potter and the Chamber of Secrets, chapter 6.|cs|6|https://www.hp-lexicon.org/source/the-harry-potter-novels/cs/cs6/
ga_02_46|currency.silver.sickles|Currency|In the first book, Harry Potter and the Philosopher's Stone, which wizarding coins are made of silver?|Sickles|Galleons|Knuts|Sovereigns|Sickles are the silver coins in wizarding currency. This occurs in the first book, Harry Potter and the Philosopher's Stone, chapter 5.|ps|5|https://www.hp-lexicon.org/source/the-harry-potter-novels/ps/ps5/
ga_02_47|lockhart.pixie.lesson|Creatures|In the second book, Harry Potter and the Chamber of Secrets, what creatures does Lockhart release during his first Defence lesson with Harry's class?|Cornish pixies|Doxies|Fairies|Billywigs|Lockhart releases Cornish pixies and then fails to control them. This occurs in the second book, Harry Potter and the Chamber of Secrets, chapter 6.|cs|6|https://www.hp-lexicon.org/source/the-harry-potter-novels/cs/cs6/
ga_02_48|stone.devils.snare.obstacle|Magical obstacles|In the first book, Harry Potter and the Philosopher's Stone, which plant traps the trio after they jump through the trapdoor?|Devil's Snare|Venomous Tentacula|Mimbulus mimbletonia|Gillyweed|The trio land in Devil's Snare beneath the trapdoor. This occurs in the first book, Harry Potter and the Philosopher's Stone, chapter 16.|ps|16|https://www.hp-lexicon.org/source/the-harry-potter-novels/ps/ps16/
ga_02_49|stone.winged.key.challenge|Magical obstacles|In the first book, Harry Potter and the Philosopher's Stone, what must the trio catch to open a locked door beneath the trapdoor?|A winged key|A golden feather|A silver beetle|A flying coin|Harry catches the winged key that opens the next door. This occurs in the first book, Harry Potter and the Philosopher's Stone, chapter 16.|ps|16|https://www.hp-lexicon.org/source/the-harry-potter-novels/ps/ps16/
ga_02_50|triwizard.school.count|School life|In the fourth book, Harry Potter and the Goblet of Fire, how many schools traditionally compete in the Triwizard Tournament?|Three|Two|Four|Five|The tournament traditionally involves Hogwarts, Beauxbatons and Durmstrang. This occurs in the fourth book, Harry Potter and the Goblet of Fire, chapter 12.|gf|12|https://www.hp-lexicon.org/source/the-harry-potter-novels/gf/gf12/
ga_03_41|harry.first.task.dragon|Magical creatures|In the fourth book, Harry Potter and the Goblet of Fire, which dragon does Harry face in the first Triwizard task?|Hungarian Horntail|Chinese Fireball|Common Welsh Green|Swedish Short-Snout|Harry draws the Hungarian Horntail for the first task. This occurs in the fourth book, Harry Potter and the Goblet of Fire, chapter 20.|gf|20|https://www.hp-lexicon.org/source/the-harry-potter-novels/gf/gf20/
ga_03_42|lockhart.arm.bones|Magical healing|In the second book, Harry Potter and the Chamber of Secrets, what does Lockhart accidentally remove when treating Harry's injured arm?|Its bones|Its skin|Its muscles|Its fingernails|Lockhart's spell removes the bones from Harry's arm instead of repairing them. This occurs in the second book, Harry Potter and the Chamber of Secrets, chapter 10.|cs|10|https://www.hp-lexicon.org/source/the-harry-potter-novels/cs/cs10/
ga_03_43|triwizard.minimum.age|School rules|In the fourth book, Harry Potter and the Goblet of Fire, how old must a student be to enter the Triwizard Tournament in Harry's fourth year?|Seventeen|Sixteen|Eighteen|Fifteen|The tournament's age restriction requires entrants to be at least seventeen. This occurs in the fourth book, Harry Potter and the Goblet of Fire, chapter 12.|gf|12|https://www.hp-lexicon.org/source/the-harry-potter-novels/gf/gf12/
ga_03_44|hermione.yule.partner|Celebrations|In the fourth book, Harry Potter and the Goblet of Fire, who accompanies Hermione to the Yule Ball?|Viktor Krum|Cedric Diggory|Roger Davies|Neville Longbottom|Hermione attends the Yule Ball with Viktor Krum. This occurs in the fourth book, Harry Potter and the Goblet of Fire, chapter 23.|gf|23|https://www.hp-lexicon.org/source/the-harry-potter-novels/gf/gf23/
ga_03_45|wood.keeper.position|Quidditch|In the first book, Harry Potter and the Philosopher's Stone, who is Gryffindor's Keeper when Harry joins the team?|Oliver Wood|Angelina Johnson|Lee Jordan|Adrian Pucey|Oliver Wood is the Gryffindor Keeper as well as the team's captain. This occurs in the first book, Harry Potter and the Philosopher's Stone, chapter 11.|ps|11|https://www.hp-lexicon.org/source/the-harry-potter-novels/ps/ps11/
ga_03_46|hogwarts.work.robes.colour|School life|In the first book, Harry Potter and the Philosopher's Stone, what colour are the plain work robes on Harry's first school shopping list?|Black|Blue|Green|Purple|The equipment list specifies plain black work robes. This occurs in the first book, Harry Potter and the Philosopher's Stone, chapter 5.|ps|5|https://www.hp-lexicon.org/source/the-harry-potter-novels/ps/ps5/
ga_03_47|knightbus.conductor.name|Transport|In the third book, Harry Potter and the Prisoner of Azkaban, what is the name of the Knight Bus conductor who greets Harry?|Stan Shunpike|Ernie Prang|Tom|Amos Diggory|Stan Shunpike is the conductor who welcomes Harry aboard the Knight Bus. This occurs in the third book, Harry Potter and the Prisoner of Azkaban, chapter 3.|pa|3|https://www.hp-lexicon.org/source/the-harry-potter-novels/pa/pa3/
ga_03_48|umbridge.quill.injury|Magical objects|In the fifth book, Harry Potter and the Order of the Phoenix, what happens to Harry's hand while he writes with Umbridge's detention quill?|The words are cut into his skin|His fingers turn blue|His hand becomes numb|The ink makes his nails grow|Umbridge's enchanted quill cuts the words into the back of Harry's hand. This occurs in the fifth book, Harry Potter and the Order of the Phoenix, chapter 13.|op|13|https://www.hp-lexicon.org/source/the-harry-potter-novels/op/op13/
ga_03_49|harry.first.robe.shop|Shops|In the first book, Harry Potter and the Philosopher's Stone, at which shop is Harry fitted for school robes when he first visits Diagon Alley?|Madam Malkin's|Twilfitt and Tatting's|Gladrags Wizardwear|Dervish and Banges|Harry visits Madam Malkin's to buy his school robes. This occurs in the first book, Harry Potter and the Philosopher's Stone, chapter 5.|ps|5|https://www.hp-lexicon.org/source/the-harry-potter-novels/ps/ps5/
ga_03_50|monster.book.calming|Magical objects|In the third book, Harry Potter and the Prisoner of Azkaban, how should someone calm The Monster Book of Monsters?|Stroke its spine|Tap its cover three times|Blow on its pages|Read its title aloud|Stroking the book's spine makes it open without biting. This occurs in the third book, Harry Potter and the Prisoner of Azkaban, chapter 6.|pa|6|https://www.hp-lexicon.org/source/the-harry-potter-novels/pa/pa6/
ga_04_41|ron.owl.name|Characters|In the third book, Harry Potter and the Prisoner of Azkaban, what is the name of Ron's small owl?|Pigwidgeon|Errol|Hermes|Hedwig|Ron calls his small owl Pigwidgeon. This occurs in the third book, Harry Potter and the Prisoner of Azkaban, chapter 22.|pa|22|https://www.hp-lexicon.org/source/the-harry-potter-novels/pa/pa22/
ga_04_42|burrow.wedding.couple|Celebrations|In the seventh book, Harry Potter and the Deathly Hallows, whose wedding is celebrated at the Burrow shortly before the Ministry falls?|Bill and Fleur's|Remus and Tonks's|Percy and Audrey's|Charlie and Gabrielle's|Bill Weasley and Fleur Delacour marry at the Burrow. This occurs in the seventh book, Harry Potter and the Deathly Hallows, chapter 8.|dh|8|https://www.hp-lexicon.org/source/the-harry-potter-novels/dh/dh8/
ga_04_43|firenze.first.rescue|Creatures|In the first book, Harry Potter and the Philosopher's Stone, which centaur carries Harry to safety in the Forbidden Forest?|Firenze|Bane|Ronan|Magorian|Firenze carries Harry away from the danger in the forest. This occurs in the first book, Harry Potter and the Philosopher's Stone, chapter 15.|ps|15|https://www.hp-lexicon.org/source/the-harry-potter-novels/ps/ps15/
ga_04_44|harry.yule.partner|Celebrations|In the fourth book, Harry Potter and the Goblet of Fire, who is Harry's partner at the Yule Ball?|Parvati Patil|Padma Patil|Cho Chang|Lavender Brown|Parvati Patil accompanies Harry to the Yule Ball. This occurs in the fourth book, Harry Potter and the Goblet of Fire, chapter 23.|gf|23|https://www.hp-lexicon.org/source/the-harry-potter-novels/gf/gf23/
ga_04_45|neville.boggart.snape|Boggarts|In the third book, Harry Potter and the Prisoner of Azkaban, what form does the Boggart first take when Neville faces it in Lupin's lesson?|Professor Snape|A giant spider|A Dementor|His grandmother|Neville's Boggart appears as Professor Snape. This occurs in the third book, Harry Potter and the Prisoner of Azkaban, chapter 7.|pa|7|https://www.hp-lexicon.org/source/the-harry-potter-novels/pa/pa7/
ga_04_46|harry.first.rita.interview|Characters|In the fourth book, Harry Potter and the Goblet of Fire, which reporter meets Harry before the weighing of the wands?|Rita Skeeter|Bertha Jorkins|Amelia Bones|Mafalda Hopkirk|Rita Skeeter interviews Harry before the champions' wands are examined. This occurs in the fourth book, Harry Potter and the Goblet of Fire, chapter 18.|gf|18|https://www.hp-lexicon.org/source/the-harry-potter-novels/gf/gf18/
ga_04_47|worldcup.winner.1994|Quidditch|In the fourth book, Harry Potter and the Goblet of Fire, which country wins the Quidditch World Cup final Harry attends?|Ireland|Bulgaria|England|Wales|Ireland win the final even though Bulgaria's Seeker catches the Snitch. This occurs in the fourth book, Harry Potter and the Goblet of Fire, chapter 8.|gf|8|https://www.hp-lexicon.org/source/the-harry-potter-novels/gf/gf8/
ga_04_48|harry.second.task.hostage|Triwizard tasks|In the fourth book, Harry Potter and the Goblet of Fire, which friend is Harry assigned to rescue from the lake during the second Triwizard task?|Ron Weasley|Hermione Granger|Ginny Weasley|Cho Chang|Ron is the person Harry must rescue from the lake. This occurs in the fourth book, Harry Potter and the Goblet of Fire, chapter 26.|gf|26|https://www.hp-lexicon.org/source/the-harry-potter-novels/gf/gf26/
ga_04_49|harry.tea.grim|Divination|In the third book, Harry Potter and the Prisoner of Azkaban, what does Trelawney call the spectral dog she claims to see in Harry's tea leaves?|The Grim|The Banshee|The Gytrash|The Kelpie|Trelawney identifies the shape in Harry's cup as the Grim. This occurs in the third book, Harry Potter and the Prisoner of Azkaban, chapter 6.|pa|6|https://www.hp-lexicon.org/source/the-harry-potter-novels/pa/pa6/
ga_04_50|wizard.hospital.name|Magical healing|In the fifth book, Harry Potter and the Order of the Phoenix, what is the name of the hospital Harry visits after Arthur is attacked?|St Mungo's|St Brutus's|St Oswald's|St Mary's|Arthur is treated at St Mungo's Hospital for Magical Maladies and Injuries. This occurs in the fifth book, Harry Potter and the Order of the Phoenix, chapter 22.|op|22|https://www.hp-lexicon.org/source/the-harry-potter-novels/op/op22/
ga_05_41|diary.destruction.instrument|Chamber of Secrets|In the second book, Harry Potter and the Chamber of Secrets, what instrument does Harry use to destroy Tom Riddle's diary?|A basilisk fang|Gryffindor's sword|His wand|A silver dagger|Harry pierces the diary with a basilisk fang. This occurs in the second book, Harry Potter and the Chamber of Secrets, chapter 17.|cs|17|https://www.hp-lexicon.org/source/the-harry-potter-novels/cs/cs17/
ga_05_42|fawkes.chamber.delivery|Chamber of Secrets|In the second book, Harry Potter and the Chamber of Secrets, what does Fawkes bring Harry inside the Chamber?|The Sorting Hat|The Invisibility Cloak|A broomstick|A Time-Turner|Fawkes brings the Sorting Hat into the Chamber. This occurs in the second book, Harry Potter and the Chamber of Secrets, chapter 17.|cs|17|https://www.hp-lexicon.org/source/the-harry-potter-novels/cs/cs17/
ga_05_43|nick.deathday.host|Ghosts|In the second book, Harry Potter and the Chamber of Secrets, whose five-hundredth Deathday Party do Harry, Ron and Hermione attend?|Nearly Headless Nick's|The Bloody Baron's|The Fat Friar's|The Grey Lady's|The trio attend Nearly Headless Nick's five-hundredth Deathday Party. This occurs in the second book, Harry Potter and the Chamber of Secrets, chapter 8.|cs|8|https://www.hp-lexicon.org/source/the-harry-potter-novels/cs/cs8/
ga_05_44|snape.narcissa.vow|Magical promises|In the sixth book, Harry Potter and the Half-Blood Prince, what magical promise does Snape make to Narcissa about helping Draco?|An Unbreakable Vow|A Fidelius Charm|A Protean Charm|A Wizard's Oath|Snape makes an Unbreakable Vow to help protect Draco and complete his task if necessary. This occurs in the sixth book, Harry Potter and the Half-Blood Prince, chapter 2.|hbp|2|https://www.hp-lexicon.org/source/the-harry-potter-novels/hbp/hbp2/
ga_05_45|harry.goyle.disguise|Disguises|In the second book, Harry Potter and the Chamber of Secrets, which Slytherin does Harry impersonate with Polyjuice Potion at Christmas?|Goyle|Crabbe|Malfoy|Flint|Harry uses Goyle's hair to assume his appearance. This occurs in the second book, Harry Potter and the Chamber of Secrets, chapter 12.|cs|12|https://www.hp-lexicon.org/source/the-harry-potter-novels/cs/cs12/
ga_05_46|ron.crabbe.disguise|Disguises|In the second book, Harry Potter and the Chamber of Secrets, which Slytherin does Ron impersonate with Polyjuice Potion at Christmas?|Crabbe|Goyle|Malfoy|Nott|Ron takes Crabbe's appearance for the visit to the Slytherin common room. This occurs in the second book, Harry Potter and the Chamber of Secrets, chapter 12.|cs|12|https://www.hp-lexicon.org/source/the-harry-potter-novels/cs/cs12/
ga_05_47|egg.bathroom.adviser|Triwizard tasks|In the fourth book, Harry Potter and the Goblet of Fire, who advises Harry to take the golden egg into the prefects' bathroom?|Cedric Diggory|Viktor Krum|Fleur Delacour|Percy Weasley|Cedric suggests opening the egg in the prefects' bathroom. This occurs in the fourth book, Harry Potter and the Goblet of Fire, chapter 25.|gf|25|https://www.hp-lexicon.org/source/the-harry-potter-novels/gf/gf25/
ga_05_48|firebolt.confiscator|Magical objects|In the third book, Harry Potter and the Prisoner of Azkaban, who confiscates Harry's Firebolt for safety checks after Hermione reports it?|Professor McGonagall|Professor Snape|Madam Hooch|Professor Flitwick|McGonagall takes the Firebolt away so it can be checked for curses. This occurs in the third book, Harry Potter and the Prisoner of Azkaban, chapter 11.|pa|11|https://www.hp-lexicon.org/source/the-harry-potter-novels/pa/pa11/
ga_05_49|harry.knightbus.alias|Disguises|In the third book, Harry Potter and the Prisoner of Azkaban, whose name does Harry give Stan Shunpike when he first boards the Knight Bus?|Neville Longbottom's|Dudley Dursley's|Ron Weasley's|Seamus Finnigan's|Harry gives Neville Longbottom's name when Stan asks who he is. This occurs in the third book, Harry Potter and the Prisoner of Azkaban, chapter 3.|pa|3|https://www.hp-lexicon.org/source/the-harry-potter-novels/pa/pa3/
ga_05_50|currency.sickles.per.galleon|Currency|In the first book, Harry Potter and the Philosopher's Stone, how many Sickles make one Galleon?|Seventeen|Twenty-nine|Twelve|Twenty-one|Seventeen silver Sickles are worth one gold Galleon. This occurs in the first book, Harry Potter and the Philosopher's Stone, chapter 5.|ps|5|https://www.hp-lexicon.org/source/the-harry-potter-novels/ps/ps5/
ga_06_41|map.closing.phrase|Maps|In the third book, Harry Potter and the Prisoner of Azkaban, what phrase conceals the contents of the Marauder's Map?|Mischief managed|Solemnly sworn|Secrets concealed|Trouble ended|Mischief managed makes the map's contents disappear. This occurs in the third book, Harry Potter and the Prisoner of Azkaban, chapter 10.|pa|10|https://www.hp-lexicon.org/source/the-harry-potter-novels/pa/pa10/
ga_06_42|neville.first.cup.points|House points|In the first book, Harry Potter and the Philosopher's Stone, how many points does Neville earn for standing up to his friends at the end of Harry's first year?|Ten|Five|Twenty|Fifty|Neville earns ten points for his courage in confronting his friends. This occurs in the first book, Harry Potter and the Philosopher's Stone, chapter 17.|ps|17|https://www.hp-lexicon.org/source/the-harry-potter-novels/ps/ps17/
ga_06_43|voldemort.restoration.blood|Voldemort's return|In the fourth book, Harry Potter and the Goblet of Fire, whose blood is used in the potion that restores Voldemort's body?|Harry Potter's|Cedric Diggory's|Peter Pettigrew's|Barty Crouch junior's|Wormtail takes Harry's blood for the potion that restores Voldemort. This occurs in the fourth book, Harry Potter and the Goblet of Fire, chapter 32.|gf|32|https://www.hp-lexicon.org/source/the-harry-potter-novels/gf/gf32/
ga_06_44|draco.midnight.duel.trap|School life|In the first book, Harry Potter and the Philosopher's Stone, who challenges Harry to a midnight duel but never arrives?|Draco Malfoy|Vincent Crabbe|Gregory Goyle|Marcus Flint|Draco arranges the duel but does not come to meet Harry. This occurs in the first book, Harry Potter and the Philosopher's Stone, chapter 9.|ps|9|https://www.hp-lexicon.org/source/the-harry-potter-novels/ps/ps9/
ga_06_45|da.name.proposer|Characters|In the fifth book, Harry Potter and the Order of the Phoenix, who suggests the name Dumbledore's Army for the defence group?|Ginny Weasley|Luna Lovegood|Hermione Granger|Neville Longbottom|Ginny proposes the name Dumbledore's Army for the defence group. This occurs in the fifth book, Harry Potter and the Order of the Phoenix, chapter 18.|op|18|https://www.hp-lexicon.org/source/the-harry-potter-novels/op/op18/
ga_06_46|map.filch.custody|Maps|In the third book, Harry Potter and the Prisoner of Azkaban, who confiscated the Marauder's Map before Fred and George stole it?|Argus Filch|Severus Snape|Minerva McGonagall|Albus Dumbledore|Fred and George steal the map from Filch's office. This occurs in the third book, Harry Potter and the Prisoner of Azkaban, chapter 10.|pa|10|https://www.hp-lexicon.org/source/the-harry-potter-novels/pa/pa10/
ga_06_47|draco.duel.snake.spell|Duelling|In the second book, Harry Potter and the Chamber of Secrets, which incantation does Draco use to conjure a snake at the Duelling Club?|Serpensortia|Vipera Evanesca|Rictusempra|Tarantallegra|Draco casts Serpensortia to produce a snake during the duel. This occurs in the second book, Harry Potter and the Chamber of Secrets, chapter 11.|cs|11|https://www.hp-lexicon.org/source/the-harry-potter-novels/cs/cs11/
ga_06_48|harry.interview.publisher|Publications|In the fifth book, Harry Potter and the Order of the Phoenix, which magazine publishes Harry's account of Voldemort's return?|The Quibbler|The Daily Prophet|Witch Weekly|Transfiguration Today|The Quibbler publishes Harry's account of the events in the graveyard. This occurs in the fifth book, Harry Potter and the Order of the Phoenix, chapter 25.|op|25|https://www.hp-lexicon.org/source/the-harry-potter-novels/op/op25/
ga_06_49|ron.erised.head.boy|Christmas|In the first book, Harry Potter and the Philosopher's Stone, what school appointment does Ron see himself holding in the Mirror of Erised?|Head Boy|Headmaster|Caretaker|Librarian|Ron sees himself as Head Boy in the Mirror of Erised. This occurs in the first book, Harry Potter and the Philosopher's Stone, chapter 12.|ps|12|https://www.hp-lexicon.org/source/the-harry-potter-novels/ps/ps12/
ga_06_50|colin.indirect.gaze|Magical objects|In the second book, Harry Potter and the Chamber of Secrets, what object protects Colin Creevey from the basilisk's direct gaze?|His camera|His spectacles|A pocket mirror|A window|Colin sees the basilisk through his camera rather than looking directly at it. This occurs in the second book, Harry Potter and the Chamber of Secrets, chapter 16.|cs|16|https://www.hp-lexicon.org/source/the-harry-potter-novels/cs/cs16/
ga_07_41|stone.potion.riddle.creator|Magical obstacles|In the first book, Harry Potter and the Philosopher's Stone, whose obstacle beneath the trapdoor is a puzzle involving bottles and a written riddle?|Severus Snape's|Filius Flitwick's|Minerva McGonagall's|Pomona Sprout's|Snape provides the bottle puzzle that protects the route to the Stone. This occurs in the first book, Harry Potter and the Philosopher's Stone, chapter 16.|ps|16|https://www.hp-lexicon.org/source/the-harry-potter-novels/ps/ps16/
ga_07_42|yule.ball.band|Music|In the fourth book, Harry Potter and the Goblet of Fire, which band performs at the Yule Ball?|The Weird Sisters|The Hobgoblins|The Bent-Winged Snitches|The Banshees|The Weird Sisters perform at the Yule Ball. This occurs in the fourth book, Harry Potter and the Goblet of Fire, chapter 23.|gf|23|https://www.hp-lexicon.org/source/the-harry-potter-novels/gf/gf23/
ga_07_43|maze.riddle.creature|Triwizard tasks|In the fourth book, Harry Potter and the Goblet of Fire, which creature asks Harry a riddle in the maze?|A sphinx|A centaur|A manticore|A merperson|A sphinx challenges Harry with a riddle in the maze. This occurs in the fourth book, Harry Potter and the Goblet of Fire, chapter 31.|gf|31|https://www.hp-lexicon.org/source/the-harry-potter-novels/gf/gf31/
ga_07_44|hagrid.halfbrother.name|Characters|In the fifth book, Harry Potter and the Order of the Phoenix, who is Hagrid's giant half-brother?|Grawp|Karkus|Golgomath|Morholt|Grawp is Hagrid's younger giant half-brother. This occurs in the fifth book, Harry Potter and the Order of the Phoenix, chapter 30.|op|30|https://www.hp-lexicon.org/source/the-harry-potter-novels/op/op30/
ga_07_45|harry.first.chocolate.card|Chocolate Frog cards|In the first book, Harry Potter and the Philosopher's Stone, whose card is inside the first Chocolate Frog Harry opens on the train?|Albus Dumbledore's|Merlin's|Morgana's|Hengist of Woodcroft's|Harry's first Chocolate Frog card depicts Albus Dumbledore. This occurs in the first book, Harry Potter and the Philosopher's Stone, chapter 6.|ps|6|https://www.hp-lexicon.org/source/the-harry-potter-novels/ps/ps6/
ga_07_46|patronus.practice.substitute|Defence lessons|In the third book, Harry Potter and the Prisoner of Azkaban, what creature does Lupin use to imitate a Dementor during Harry's Patronus lessons?|A Boggart|A Grindylow|A Hinkypunk|A Red Cap|Lupin uses a Boggart in Dementor form for Harry's private lessons. This occurs in the third book, Harry Potter and the Prisoner of Azkaban, chapter 12.|pa|12|https://www.hp-lexicon.org/source/the-harry-potter-novels/pa/pa12/
ga_07_47|riddle.hagrid.false.accusation.creature|Voldemort's past|In the second book, Harry Potter and the Chamber of Secrets, what creature does young Hagrid hide when Riddle accuses him of opening the Chamber?|Aragog|Norbert|Fluffy|Fang|Riddle finds Hagrid hiding Aragog and falsely blames the creature for the attacks. This occurs in the second book, Harry Potter and the Chamber of Secrets, chapter 13.|cs|13|https://www.hp-lexicon.org/source/the-harry-potter-novels/cs/cs13/
ga_07_48|ron.stone.chess.piece|Magical obstacles|In the first book, Harry Potter and the Philosopher's Stone, which chess piece does Ron take the place of beneath the trapdoor?|A knight|A bishop|A rook|A pawn|Ron replaces a knight on the enchanted chessboard. This occurs in the first book, Harry Potter and the Philosopher's Stone, chapter 16.|ps|16|https://www.hp-lexicon.org/source/the-harry-potter-novels/ps/ps16/
ga_07_49|twins.departure.swamp|Pranks|In the fifth book, Harry Potter and the Order of the Phoenix, what do Fred and George leave behind in a Hogwarts corridor before flying away?|A portable swamp|A field of Mandrakes|An enchanted snowstorm|A pool of ink|The twins leave a portable swamp behind as part of their departure. This occurs in the fifth book, Harry Potter and the Order of the Phoenix, chapter 29.|op|29|https://www.hp-lexicon.org/source/the-harry-potter-novels/op/op29/
ga_07_50|dumbledore.mirror.warning|Magical objects|In the first book, Harry Potter and the Philosopher's Stone, what does Dumbledore say is unwise to dwell on instead of living?|Dreams|Schoolwork|Friendship|Courage|Dumbledore warns Harry against dwelling on dreams and forgetting to live. This occurs in the first book, Harry Potter and the Philosopher's Stone, chapter 12.|ps|12|https://www.hp-lexicon.org/source/the-harry-potter-novels/ps/ps12/
ga_08_41|polyjuice.recipe.location|Polyjuice Potion|In the second book, Harry Potter and the Chamber of Secrets, where does Hermione obtain the book containing the Polyjuice Potion recipe?|The library's Restricted Section|Snape's office|Flourish and Blotts|The Ravenclaw common room|Hermione obtains Moste Potente Potions from the Restricted Section. This occurs in the second book, Harry Potter and the Chamber of Secrets, chapter 10.|cs|10|https://www.hp-lexicon.org/source/the-harry-potter-novels/cs/cs10/
ga_08_42|chamber.original.victim.name|Ghosts|In the second book, Harry Potter and the Chamber of Secrets, what is the first name of the girl who died when the Chamber was opened fifty years earlier?|Myrtle|Olive|Mabel|Moira|Myrtle is the student killed when the Chamber was opened during Riddle's schooldays. This occurs in the second book, Harry Potter and the Chamber of Secrets, chapter 9.|cs|9|https://www.hp-lexicon.org/source/the-harry-potter-novels/cs/cs9/
ga_08_43|slughorn.first.lesson.recipe|Potions|In the sixth book, Harry Potter and the Half-Blood Prince, which potion must Slughorn's class brew to win his first lesson's prize?|Draught of Living Death|Polyjuice Potion|Veritaserum|Wolfsbane Potion|Slughorn asks the class to prepare the Draught of Living Death. This occurs in the sixth book, Harry Potter and the Half-Blood Prince, chapter 9.|hbp|9|https://www.hp-lexicon.org/source/the-harry-potter-novels/hbp/hbp9/
ga_08_44|nick.hunt.rejection|School clubs|In the second book, Harry Potter and the Chamber of Secrets, which club rejects Nearly Headless Nick because his head is not fully severed?|The Headless Hunt|The Ghost Council|The Midnight Riders|The Spectral Society|Nick cannot join the Headless Hunt because his head remains partly attached. This occurs in the second book, Harry Potter and the Chamber of Secrets, chapter 8.|cs|8|https://www.hp-lexicon.org/source/the-harry-potter-novels/cs/cs8/
ga_08_45|willow.planting.reason|Hogwarts grounds|In the third book, Harry Potter and the Prisoner of Azkaban, why was the Whomping Willow planted when Lupin started school?|To guard the passage to his transformation refuge|To mark a school anniversary|To hide the entrance to the Chamber|To protect Hagrid's creatures|The willow guards the passage to the Shrieking Shack, where Lupin transforms. This occurs in the third book, Harry Potter and the Prisoner of Azkaban, chapter 18.|pa|18|https://www.hp-lexicon.org/source/the-harry-potter-novels/pa/pa18/
ga_08_46|draco.borgin.cabinet|Magical objects|In the sixth book, Harry Potter and the Half-Blood Prince, what object is Draco examining at Borgin and Burkes when Harry spies on him?|A Vanishing Cabinet|A Hand of Glory|A cursed necklace|A Sneakoscope|Draco's interest is in the Vanishing Cabinet, which connects to its partner at Hogwarts. This occurs in the sixth book, Harry Potter and the Half-Blood Prince, chapter 6.|hbp|6|https://www.hp-lexicon.org/source/the-harry-potter-novels/hbp/hbp6/
ga_08_47|stone.original.vault.number|Gringotts|In the first book, Harry Potter and the Philosopher's Stone, what is the number of the Gringotts vault from which Hagrid collects a small package?|Seven hundred and thirteen|Six hundred and eighty-seven|Seven hundred and eleven|Six hundred and nineteen|Hagrid collects the package from vault seven hundred and thirteen. This occurs in the first book, Harry Potter and the Philosopher's Stone, chapter 5.|ps|5|https://www.hp-lexicon.org/source/the-harry-potter-novels/ps/ps5/
ga_08_48|harry.first.wand.price|Wands|In the first book, Harry Potter and the Philosopher's Stone, how much does Harry pay for his first wand?|Seven Galleons|Five Galleons|Nine Galleons|Eleven Galleons|Harry pays seven Galleons for his first wand. This occurs in the first book, Harry Potter and the Philosopher's Stone, chapter 5.|ps|5|https://www.hp-lexicon.org/source/the-harry-potter-novels/ps/ps5/
ga_08_49|chamber.rescue.school.award|School awards|In the second book, Harry Potter and the Chamber of Secrets, what award do Harry and Ron receive after rescuing Ginny?|Special Awards for Services to the School|Orders of Merlin|Most Promising Newcomer awards|Most-Charming-Smile Awards|Harry and Ron receive Special Awards for Services to the School. This occurs in the second book, Harry Potter and the Chamber of Secrets, chapter 18.|cs|18|https://www.hp-lexicon.org/source/the-harry-potter-novels/cs/cs18/
ga_08_50|hermione.exam.boggart|Examinations|In the third book, Harry Potter and the Prisoner of Azkaban, what form does Hermione's Boggart take during her Defence exam?|McGonagall telling her she failed everything|A giant spider|A broken wand|A Dementor|Hermione's Boggart is McGonagall announcing that she has failed every examination. This occurs in the third book, Harry Potter and the Prisoner of Azkaban, chapter 16.|pa|16|https://www.hp-lexicon.org/source/the-harry-potter-novels/pa/pa16/
ga_09_41|lupin.map.confiscation|Maps|In the third book, Harry Potter and the Prisoner of Azkaban, who takes the Marauder's Map from Snape after its insulting messages appear?|Remus Lupin|Minerva McGonagall|Albus Dumbledore|Sirius Black|Lupin takes the map from Snape and keeps it until the end of the year. This occurs in the third book, Harry Potter and the Prisoner of Azkaban, chapter 14.|pa|14|https://www.hp-lexicon.org/source/the-harry-potter-novels/pa/pa14/
ga_09_42|hermione.basilisk.page.note|Magical clues|In the second book, Harry Potter and the Chamber of Secrets, what one-word clue does Hermione write on the basilisk page Harry finds?|Pipes|Spiders|Mirrors|Roosters|Hermione writes Pipes beside the passage about the basilisk. This occurs in the second book, Harry Potter and the Chamber of Secrets, chapter 16.|cs|16|https://www.hp-lexicon.org/source/the-harry-potter-novels/cs/cs16/
ga_09_43|rescue.time.turns|Time travel|In the third book, Harry Potter and the Prisoner of Azkaban, how many turns does Hermione give the Time-Turner before the rescue of Buckbeak and Sirius?|Three|Two|Four|Five|Hermione turns the Time-Turner three times to take them back three hours. This occurs in the third book, Harry Potter and the Prisoner of Azkaban, chapter 21.|pa|21|https://www.hp-lexicon.org/source/the-harry-potter-novels/pa/pa21/
ga_09_44|sirius.password.list.writer|School security|In the third book, Harry Potter and the Prisoner of Azkaban, who writes down the passwords that Sirius later uses to enter Gryffindor Tower?|Neville Longbottom|Percy Weasley|Seamus Finnigan|Dean Thomas|Neville writes down the passwords, and Crookshanks passes the list to Sirius. This occurs in the third book, Harry Potter and the Prisoner of Azkaban, chapter 13.|pa|13|https://www.hp-lexicon.org/source/the-harry-potter-novels/pa/pa13/
ga_09_45|triwizard.wand.inspector|Wands|In the fourth book, Harry Potter and the Goblet of Fire, which wandmaker examines the champions' wands before the tournament?|Garrick Ollivander|Gregorovitch|Albus Dumbledore|Filius Flitwick|Ollivander examines each champion's wand before the tournament. This occurs in the fourth book, Harry Potter and the Goblet of Fire, chapter 18.|gf|18|https://www.hp-lexicon.org/source/the-harry-potter-novels/gf/gf18/
ga_09_46|riddle.orphanage.matron|Voldemort's past|In the sixth book, Harry Potter and the Half-Blood Prince, who manages the orphanage where Dumbledore visits young Tom Riddle?|Mrs Cole|Mrs Figg|Mrs Mason|Mrs Roberts|Mrs Cole runs the orphanage where Tom Riddle lives. This occurs in the sixth book, Harry Potter and the Half-Blood Prince, chapter 13.|hbp|13|https://www.hp-lexicon.org/source/the-harry-potter-novels/hbp/hbp13/
ga_09_47|sirius.vision.exam|School life|In the fifth book, Harry Potter and the Order of the Phoenix, which Ordinary Wizarding Level examination is Harry taking when he sees a vision of Sirius being tortured?|History of Magic|Astronomy|Divination|Defence Against the Dark Arts|Harry experiences the false vision during his History of Magic examination. This occurs in the fifth book, Harry Potter and the Order of the Phoenix, chapter 31.|op|31|https://www.hp-lexicon.org/source/the-harry-potter-novels/op/op31/
ga_09_48|basilisk.rooster.weakness|Magical creatures|In the second book, Harry Potter and the Chamber of Secrets, what sound is fatal to a basilisk?|A rooster crowing|An owl hooting|A phoenix singing|A wolf howling|The crowing of a rooster is fatal to a basilisk. This occurs in the second book, Harry Potter and the Chamber of Secrets, chapter 16.|cs|16|https://www.hp-lexicon.org/source/the-harry-potter-novels/cs/cs16/
ga_09_49|filch.correspondence.course|School life|In the second book, Harry Potter and the Chamber of Secrets, what correspondence course does Filch receive letters from?|Kwikspell|Spell-o-Speed|Quick Charms|Wandwise|Harry discovers that Filch has enrolled in the Kwikspell course. This occurs in the second book, Harry Potter and the Chamber of Secrets, chapter 8.|cs|8|https://www.hp-lexicon.org/source/the-harry-potter-novels/cs/cs8/
ga_09_50|pettigrew.rat.missing.toe|Physical clues|In the third book, Harry Potter and the Prisoner of Azkaban, which physical detail of Scabbers corresponds to the finger Pettigrew left behind?|A missing toe on a front paw|A scar on his tail|A torn left ear|A patch of white fur|Scabbers lacks a toe on a front paw, matching Pettigrew's missing finger. This occurs in the third book, Harry Potter and the Prisoner of Azkaban, chapter 19.|pa|19|https://www.hp-lexicon.org/source/the-harry-potter-novels/pa/pa19/
ga_10_41|crouch.forest.disappearance|Characters|In the fourth book, Harry Potter and the Goblet of Fire, who disappears from the edge of the forest while Harry fetches Dumbledore?|Barty Crouch senior|Ludo Bagman|Igor Karkaroff|Amos Diggory|Crouch senior disappears while Harry goes to fetch Dumbledore. This occurs in the fourth book, Harry Potter and the Goblet of Fire, chapter 28.|gf|28|https://www.hp-lexicon.org/source/the-harry-potter-novels/gf/gf28/
ga_10_42|luna.match.commentary|Quidditch|In the sixth book, Harry Potter and the Half-Blood Prince, who commentates on the Gryffindor match in which Cormac McLaggen injures Harry?|Luna Lovegood|Lee Jordan|Zacharias Smith|Colin Creevey|Luna provides the commentary when McLaggen injures Harry during the match. This occurs in the sixth book, Harry Potter and the Half-Blood Prince, chapter 19.|hbp|19|https://www.hp-lexicon.org/source/the-harry-potter-novels/hbp/hbp19/
ga_10_43|lupin.boggart.appearance|Boggarts|In the third book, Harry Potter and the Prisoner of Azkaban, what does Lupin's Boggart look like to Harry during the classroom lesson?|A silvery-white orb|A black dog|A crystal ball on legs|A cloud of bats|Harry sees Lupin's Boggart as a silvery-white orb, representing the full moon. This occurs in the third book, Harry Potter and the Prisoner of Azkaban, chapter 7.|pa|7|https://www.hp-lexicon.org/source/the-harry-potter-novels/pa/pa7/
ga_10_44|lestrange.trial.victim|Pensieve memories|In the fourth book, Harry Potter and the Goblet of Fire, which Auror and his wife were tortured by the defendants in the trial Harry witnesses in the Pensieve?|Frank Longbottom's|Alastor Moody's|Kingsley Shacklebolt's|Dawlish's|The defendants are tried for torturing Frank and Alice Longbottom; Frank is the listed Auror. This occurs in the fourth book, Harry Potter and the Goblet of Fire, chapter 30.|gf|30|https://www.hp-lexicon.org/source/the-harry-potter-novels/gf/gf30/
ga_10_45|ron.ghoul.cover.illness|Disguises|In the seventh book, Harry Potter and the Deathly Hallows, what illness is the Weasley ghoul made to resemble to explain Ron's absence?|Spattergroit|Dragon pox|A severe Vanishing Sickness|A werewolf bite|The ghoul is disguised to look like Ron suffering from spattergroit. This occurs in the seventh book, Harry Potter and the Deathly Hallows, chapter 6.|dh|6|https://www.hp-lexicon.org/source/the-harry-potter-novels/dh/dh6/
ga_10_46|slughorn.aragog.venom|Potions|In the sixth book, Harry Potter and the Half-Blood Prince, what ingredient does Slughorn collect at Aragog's funeral?|Acromantula venom|Unicorn hair|Phoenix ash|Dragon blood|Slughorn collects valuable Acromantula venom from Aragog's body. This occurs in the sixth book, Harry Potter and the Half-Blood Prince, chapter 22.|hbp|22|https://www.hp-lexicon.org/source/the-harry-potter-novels/hbp/hbp22/
ga_10_47|darkmark.incantation|The Dark Mark|In the fourth book, Harry Potter and the Goblet of Fire, which incantation conjures the Dark Mark over the World Cup campsite?|Morsmordre|Serpensortia|Rictusempra|Tarantallegra|Morsmordre conjures the Dark Mark above the campsite. This occurs in the fourth book, Harry Potter and the Goblet of Fire, chapter 9.|gf|9|https://www.hp-lexicon.org/source/the-harry-potter-novels/gf/gf9/
ga_10_48|dragon.night.points.lost|School punishment|In the first book, Harry Potter and the Philosopher's Stone, how many points does McGonagall take from each of Harry, Hermione and Neville for being out of bed?|Fifty|Ten|Twenty|Twenty-five|McGonagall removes fifty points from each of the three Gryffindors. This occurs in the first book, Harry Potter and the Philosopher's Stone, chapter 15.|ps|15|https://www.hp-lexicon.org/source/the-harry-potter-novels/ps/ps15/
ga_10_49|mungos.disguised.entrance|Magical objects|In the fifth book, Harry Potter and the Order of the Phoenix, what disguised entrance do visitors use to enter St Mungo's?|An abandoned department store|A closed railway station|A deserted cinema|An empty post office|Visitors enter through a display window in an apparently closed department store. This occurs in the fifth book, Harry Potter and the Order of the Phoenix, chapter 23.|op|23|https://www.hp-lexicon.org/source/the-harry-potter-novels/op/op23/
ga_10_50|slughorn.horcrux.question.memory|Voldemort's past|In the sixth book, Harry Potter and the Half-Blood Prince, whose memory shows Riddle asking about splitting his soul into seven parts?|Horace Slughorn's|Albus Dumbledore's|Hepzibah Smith's|Morfin Gaunt's|Slughorn's unaltered memory reveals Riddle's question about making multiple Horcruxes. This occurs in the sixth book, Harry Potter and the Half-Blood Prince, chapter 23.|hbp|23|https://www.hp-lexicon.org/source/the-harry-potter-novels/hbp/hbp23/
ga_11_41|honeydukes.passage.statue|Secret passages|In the third book, Harry Potter and the Prisoner of Azkaban, which statue conceals a passage leading to Honeydukes?|A one-eyed witch|A humpbacked wizard|A winged boar|A sleeping dragon|The statue of a one-eyed witch hides the passage to Honeydukes. This occurs in the third book, Harry Potter and the Prisoner of Azkaban, chapter 10.|pa|10|https://www.hp-lexicon.org/source/the-harry-potter-novels/pa/pa10/
ga_11_42|chamber.legend.teacher.book|School history|In the second book, Harry Potter and the Chamber of Secrets, which teacher explains the legend of the Chamber of Secrets to Harry's class?|Professor Binns|Professor McGonagall|Professor Flitwick|Professor Snape|Professor Binns explains the Chamber's legend in the novel; the film gives this explanation to McGonagall. This occurs in the second book, Harry Potter and the Chamber of Secrets, chapter 9.|cs|9|https://www.hp-lexicon.org/source/the-harry-potter-novels/cs/cs9/
ga_11_43|aragog.spouse.name|Magical creatures|In the second book, Harry Potter and the Chamber of Secrets, what is the name of Aragog's wife?|Mosag|Morag|Morgana|Murcus|Mosag is Aragog's mate in the Forbidden Forest. This occurs in the second book, Harry Potter and the Chamber of Secrets, chapter 15.|cs|15|https://www.hp-lexicon.org/source/the-harry-potter-novels/cs/cs15/
ga_11_44|crouch.home.controller|Voldemort's plan|In the fourth book, Harry Potter and the Goblet of Fire, who kept Barty Crouch junior under control at home with the Imperius Curse?|Barty Crouch senior|Lucius Malfoy|Cornelius Fudge|Alastor Moody|Barty Crouch senior uses the Imperius Curse to control his son at home. This occurs in the fourth book, Harry Potter and the Goblet of Fire, chapter 35.|gf|35|https://www.hp-lexicon.org/source/the-harry-potter-novels/gf/gf35/
ga_11_45|potterwatch.lupin.alias|Secret broadcasts|In the seventh book, Harry Potter and the Deathly Hallows, what code name does Remus Lupin use on Potterwatch?|Romulus|Royal|River|Rapier|Lupin uses the broadcasting alias Romulus. This occurs in the seventh book, Harry Potter and the Deathly Hallows, chapter 22.|dh|22|https://www.hp-lexicon.org/source/the-harry-potter-novels/dh/dh22/
ga_11_46|gryffindor.first.password|School life|In the first book, Harry Potter and the Philosopher's Stone, what is the first Gryffindor Tower password Percy gives the new students?|Caput Draconis|Pig snout|Fortuna Major|Dissendium|Percy gives Caput Draconis as the first Gryffindor Tower password. This occurs in the first book, Harry Potter and the Philosopher's Stone, chapter 7.|ps|7|https://www.hp-lexicon.org/source/the-harry-potter-novels/ps/ps7/
ga_11_47|riddle.school.headmaster|Voldemort's past|In the second book, Harry Potter and the Chamber of Secrets, who is the Hogwarts headmaster in the diary's memory of Riddle's schooldays?|Armando Dippet|Phineas Nigellus Black|Albus Dumbledore|Dilys Derwent|Armando Dippet is headmaster during the events shown in the diary. This occurs in the second book, Harry Potter and the Chamber of Secrets, chapter 13.|cs|13|https://www.hp-lexicon.org/source/the-harry-potter-novels/cs/cs13/
ga_11_48|voldemort.job.request|Voldemort's past|In the sixth book, Harry Potter and the Half-Blood Prince, what Hogwarts teaching job does Voldemort ask Dumbledore to give him?|Defence Against the Dark Arts|Potions|Transfiguration|History of Magic|Voldemort asks to return to Hogwarts as the Defence Against the Dark Arts teacher. This occurs in the sixth book, Harry Potter and the Half-Blood Prince, chapter 20.|hbp|20|https://www.hp-lexicon.org/source/the-harry-potter-novels/hbp/hbp20/
ga_11_49|harry.wand.length|Wands|In the first book, Harry Potter and the Philosopher's Stone, how long is Harry's first wand?|Eleven inches|Ten inches|Twelve inches|Thirteen inches|Harry's first wand is eleven inches long. This occurs in the first book, Harry Potter and the Philosopher's Stone, chapter 5.|ps|5|https://www.hp-lexicon.org/source/the-harry-potter-novels/ps/ps5/
ga_11_50|potterwatch.kingsley.alias|Secret broadcasts|In the seventh book, Harry Potter and the Deathly Hallows, what code name does Kingsley Shacklebolt use on Potterwatch?|Royal|Romulus|River|Rapier|Kingsley broadcasts on Potterwatch under the alias Royal. This occurs in the seventh book, Harry Potter and the Deathly Hallows, chapter 22.|dh|22|https://www.hp-lexicon.org/source/the-harry-potter-novels/dh/dh22/
ga_12_41|rita.hagrid.article.student|Journalism|In the fourth book, Harry Potter and the Goblet of Fire, which Slytherin student claims in Rita's article that Hagrid's lessons left him injured?|Draco Malfoy|Theodore Nott|Blaise Zabini|Marcus Flint|Draco supplies Rita with an account of being injured in Hagrid's lessons. This occurs in the fourth book, Harry Potter and the Goblet of Fire, chapter 24.|gf|24|https://www.hp-lexicon.org/source/the-harry-potter-novels/gf/gf24/
ga_12_42|hogwarts.apparition.instructor|Apparition|In the sixth book, Harry Potter and the Half-Blood Prince, who teaches the Ministry's Apparition course at Hogwarts?|Wilkie Twycross|Willy Widdershins|Dirk Cresswell|Broderick Bode|Wilkie Twycross conducts the Ministry's Apparition lessons. This occurs in the sixth book, Harry Potter and the Half-Blood Prince, chapter 18.|hbp|18|https://www.hp-lexicon.org/source/the-harry-potter-novels/hbp/hbp18/
ga_12_43|stone.riddle.bottle.count|Magical obstacles|In the first book, Harry Potter and the Philosopher's Stone, how many bottles are included in the potions riddle beneath the trapdoor?|Seven|Five|Six|Nine|The riddle is accompanied by seven bottles. This occurs in the first book, Harry Potter and the Philosopher's Stone, chapter 16.|ps|16|https://www.hp-lexicon.org/source/the-harry-potter-novels/ps/ps16/
ga_12_44|worldcup.campsite.manager|Quidditch World Cup|In the fourth book, Harry Potter and the Goblet of Fire, what is the surname of the Muggle who manages the World Cup campsite?|Roberts|Perkins|Payne|Mason|Mr Roberts is the Muggle caretaker of the campsite. This occurs in the fourth book, Harry Potter and the Goblet of Fire, chapter 7.|gf|7|https://www.hp-lexicon.org/source/the-harry-potter-novels/gf/gf7/
ga_12_45|fleur.wand.core|Wands|In the fourth book, Harry Potter and the Goblet of Fire, what is the core of Fleur Delacour's wand?|A Veela hair|A unicorn hair|A phoenix feather|A dragon heartstring|Fleur's wand contains a hair from a Veela. This occurs in the fourth book, Harry Potter and the Goblet of Fire, chapter 18.|gf|18|https://www.hp-lexicon.org/source/the-harry-potter-novels/gf/gf18/
ga_12_46|hermione.parents.aliases|Family protection|In the seventh book, Harry Potter and the Deathly Hallows, what first names does Hermione give her parents in their altered memories?|Wendell and Monica|Wilfred and Mary|Walter and Margaret|William and Matilda|Hermione gives her parents the identities Wendell and Monica Wilkins. This occurs in the seventh book, Harry Potter and the Deathly Hallows, chapter 6.|dh|6|https://www.hp-lexicon.org/source/the-harry-potter-novels/dh/dh6/
ga_12_47|trelawney.redhaired.warning.recipient|Divination|In the third book, Harry Potter and the Prisoner of Azkaban, which student does Trelawney warn to beware of a red-haired man?|Parvati Patil|Lavender Brown|Dean Thomas|Seamus Finnigan|Trelawney tells Parvati to beware of a red-haired man during the first lesson. This occurs in the third book, Harry Potter and the Prisoner of Azkaban, chapter 6.|pa|6|https://www.hp-lexicon.org/source/the-harry-potter-novels/pa/pa6/
ga_12_48|worldcup.tent.lender|Camping|In the fourth book, Harry Potter and the Goblet of Fire, who lends Arthur the tents for the Quidditch World Cup?|Perkins|Amos Diggory|Ludo Bagman|Barty Crouch senior|Arthur borrows the tents from his colleague Perkins. This occurs in the fourth book, Harry Potter and the Goblet of Fire, chapter 7.|gf|7|https://www.hp-lexicon.org/source/the-harry-potter-novels/gf/gf7/
ga_12_49|crouch.percy.nickname|Characters|In the fourth book, Harry Potter and the Goblet of Fire, what does Crouch senior mistakenly call Percy when speaking to Harry in the forest?|Weatherby|Weasley|Wetherby-Smythe|Wesley|Crouch mistakes Harry for Percy and addresses him as Weatherby. This occurs in the fourth book, Harry Potter and the Goblet of Fire, chapter 28.|gf|28|https://www.hp-lexicon.org/source/the-harry-potter-novels/gf/gf28/
ga_12_50|harry.owl.patronus.examiner|Examinations|In the fifth book, Harry Potter and the Order of the Phoenix, which examiner asks Harry to produce a Patronus for an extra point?|Professor Tofty|Professor Marchbanks|Professor Fortescue|Professor Sinistra|Professor Tofty offers Harry an extra mark for producing a Patronus. This occurs in the fifth book, Harry Potter and the Order of the Phoenix, chapter 31.|op|31|https://www.hp-lexicon.org/source/the-harry-potter-novels/op/op31/
ga_13_41|aragog.egg.giver|Spiders|In the second book, Harry Potter and the Chamber of Secrets, who gave Aragog to Hagrid when Aragog was an egg?|A traveller|Tom Riddle|Professor Dippet|Hagrid's father|A traveller gives Hagrid the egg from which Aragog hatches. This occurs in the second book, Harry Potter and the Chamber of Secrets, chapter 15.|cs|15|https://www.hp-lexicon.org/source/the-harry-potter-novels/cs/cs15/
ga_13_42|dumbledore.school.examiner|Examinations|In the fifth book, Harry Potter and the Order of the Phoenix, which elderly examiner remembers examining Dumbledore himself?|Griselda Marchbanks|Dilys Derwent|Bathilda Bagshot|Augusta Longbottom|Griselda Marchbanks recalls examining Dumbledore during his schooldays. This occurs in the fifth book, Harry Potter and the Order of the Phoenix, chapter 31.|op|31|https://www.hp-lexicon.org/source/the-harry-potter-novels/op/op31/
ga_13_43|first.housecup.gryffindor.total|House points|In the first book, Harry Potter and the Philosopher's Stone, how many points does Gryffindor finish with after Dumbledore's final awards?|Four hundred and eighty-two|Four hundred and seventy-two|Four hundred and twenty-six|Four hundred and ninety-two|Dumbledore's final awards bring Gryffindor's total to four hundred and eighty-two points. This occurs in the first book, Harry Potter and the Philosopher's Stone, chapter 17.|ps|17|https://www.hp-lexicon.org/source/the-harry-potter-novels/ps/ps17/
ga_13_44|lavender.rabbit.name|School life|In the third book, Harry Potter and the Prisoner of Azkaban, what is the name of Lavender Brown's rabbit that dies?|Binky|Basil|Bunty|Boris|Lavender's pet rabbit is named Binky. This occurs in the third book, Harry Potter and the Prisoner of Azkaban, chapter 8.|pa|8|https://www.hp-lexicon.org/source/the-harry-potter-novels/pa/pa8/
ga_13_45|school.cauldron.material|Magical objects|In the first book, Harry Potter and the Philosopher's Stone, what metal is specified for a first-year student's standard cauldron?|Pewter|Copper|Brass|Silver|Harry's equipment list specifies a standard pewter cauldron. This occurs in the first book, Harry Potter and the Philosopher's Stone, chapter 5.|ps|5|https://www.hp-lexicon.org/source/the-harry-potter-novels/ps/ps5/
ga_13_46|apparition.susan.splinching|Apparition|In the sixth book, Harry Potter and the Half-Blood Prince, which student leaves a leg behind during the first Apparition lesson?|Susan Bones|Hannah Abbott|Ernie Macmillan|Justin Finch-Fletchley|Susan Bones leaves a leg behind when she is Splinched during the lesson. This occurs in the sixth book, Harry Potter and the Half-Blood Prince, chapter 18.|hbp|18|https://www.hp-lexicon.org/source/the-harry-potter-novels/hbp/hbp18/
ga_13_47|lupin.exam.bog.creature|Examinations|In the third book, Harry Potter and the Prisoner of Azkaban, what creature lurks in the bog in Lupin's practical Defence exam?|A Hinkypunk|A Grindylow|A Red Cap|A Boggart|A Hinkypunk inhabits the bog in Lupin's obstacle course. This occurs in the third book, Harry Potter and the Prisoner of Azkaban, chapter 16.|pa|16|https://www.hp-lexicon.org/source/the-harry-potter-novels/pa/pa16/
ga_13_48|norbert.collection.time|Dragons|In the first book, Harry Potter and the Philosopher's Stone, when does Charlie arrange for his friends to collect Norbert from the tallest tower?|Saturday at midnight|Friday at midnight|Saturday at dawn|Sunday at dusk|Charlie's friends arrange to collect Norbert on Saturday at midnight. This occurs in the first book, Harry Potter and the Philosopher's Stone, chapter 14.|ps|14|https://www.hp-lexicon.org/source/the-harry-potter-novels/ps/ps14/
ga_13_49|time.rescue.return.hour|Time travel|In the third book, Harry Potter and the Prisoner of Azkaban, at what time do Harry and Hermione return to the hospital wing after the rescue?|Just before midnight|Just before ten o'clock|Just before dawn|Just after one o'clock|Harry and Hermione return to the hospital wing just before midnight. This occurs in the third book, Harry Potter and the Prisoner of Azkaban, chapter 22.|pa|22|https://www.hp-lexicon.org/source/the-harry-potter-novels/pa/pa22/
ga_13_50|diary.memory.date|Diary memories|In the second book, Harry Potter and the Chamber of Secrets, what date appears on the diary page before Harry enters Riddle's memory?|The thirteenth of June|The thirty-first of October|The first of September|The twenty-fifth of December|The diary opens at the thirteenth of June before showing Harry the memory. This occurs in the second book, Harry Potter and the Chamber of Secrets, chapter 13.|cs|13|https://www.hp-lexicon.org/source/the-harry-potter-novels/cs/cs13/
ga_14_41|magical.theory.author|School books|In the first book, Harry Potter and the Philosopher's Stone, who wrote Magical Theory, which appears on Harry's first school book list?|Adalbert Waffling|Emeric Switch|Quentin Trimble|Phyllida Spore|Adalbert Waffling wrote Magical Theory. This occurs in the first book, Harry Potter and the Philosopher's Stone, chapter 5.|ps|5|https://www.hp-lexicon.org/source/the-harry-potter-novels/ps/ps5/
ga_14_42|third.year.teapot.transfiguration|Examinations|In the third book, Harry Potter and the Prisoner of Azkaban, into which animal must students turn a teapot in their third-year Transfiguration examination?|A tortoise|A hedgehog|A toad|A rabbit|The Transfiguration examination requires students to turn a teapot into a tortoise. This occurs in the third book, Harry Potter and the Prisoner of Azkaban, chapter 16.|pa|16|https://www.hp-lexicon.org/source/the-harry-potter-novels/pa/pa16/
ga_14_43|headless.hunt.leader|Ghosts|In the second book, Harry Potter and the Chamber of Secrets, who leads the Headless Hunt when it arrives at Nearly Headless Nick's party?|Sir Patrick Delaney-Podmore|Sir Nicholas de Mimsy-Porpington|Sir Cadogan|The Bloody Baron|Sir Patrick Delaney-Podmore leads the Headless Hunt. This occurs in the second book, Harry Potter and the Chamber of Secrets, chapter 8.|cs|8|https://www.hp-lexicon.org/source/the-harry-potter-novels/cs/cs8/
ga_14_44|kwikspell.envelope.colour|Correspondence courses|In the second book, Harry Potter and the Chamber of Secrets, what colour is the envelope containing the Kwikspell course that Harry finds in Filch's office?|Purple|Scarlet|Emerald green|Royal blue|The Kwikspell envelope is purple with silver lettering. This occurs in the second book, Harry Potter and the Chamber of Secrets, chapter 8.|cs|8|https://www.hp-lexicon.org/thing/kwikspell/
ga_14_45|mcgonagall.three.broomsticks.drink|Hogsmeade drinks|In the third book, Harry Potter and the Prisoner of Azkaban, which drink does Madam Rosmerta serve Professor McGonagall during the conversation Harry overhears at the Three Broomsticks?|Gillywater|Cherry syrup and soda|Redcurrant rum|Mulled mead|Rosmerta serves McGonagall a small Gillywater. This occurs in the third book, Harry Potter and the Prisoner of Azkaban, chapter 10.|pa|10|https://www.hp-lexicon.org/thing/gillywater/
ga_14_46|hermione.arithmancy.textbook|School books|In the third book, Harry Potter and the Prisoner of Azkaban, what is the title of the Arithmancy textbook Hermione is searching for before her examinations?|Numerology and Grammatica|Advanced Rune Translation|Magical Theory|A Guide to Advanced Transfiguration|Hermione searches for her Arithmancy textbook, Numerology and Grammatica. This occurs in the third book, Harry Potter and the Prisoner of Azkaban, chapter 16.|pa|16|https://www.hp-lexicon.org/source/the-harry-potter-novels/pa/pa16/
ga_14_47|worldcup.eel.farm.bettor|Quidditch World Cup|In the fourth book, Harry Potter and the Goblet of Fire, who bets a share of an eel farm on the Quidditch World Cup final lasting a week?|Agatha Timms|Bertha Jorkins|Mafalda Hopkirk|Amelia Bones|Agatha Timms bets a share of her eel farm on the match lasting a week. This occurs in the fourth book, Harry Potter and the Goblet of Fire, chapter 7.|gf|7|https://www.hp-lexicon.org/character/agatha-timms/
ga_14_48|cedric.wand.length|Wands|In the fourth book, Harry Potter and the Goblet of Fire, how long is Cedric Diggory's wand?|Twelve and a quarter inches|Ten and a quarter inches|Eleven and a half inches|Thirteen inches|Cedric's wand measures twelve and a quarter inches. This occurs in the fourth book, Harry Potter and the Goblet of Fire, chapter 18.|gf|18|https://www.hp-lexicon.org/source/the-harry-potter-novels/gf/gf18/
ga_14_49|tofty.patronus.informant|Examinations|In the fifth book, Harry Potter and the Order of the Phoenix, who told Professor Tofty that Harry could produce a Patronus?|Tiberius Ogden|Griselda Marchbanks|Alastor Moody|Amelia Bones|Tiberius Ogden tells Tofty that Harry can produce a Patronus. This occurs in the fifth book, Harry Potter and the Order of the Phoenix, chapter 31.|op|31|https://www.hp-lexicon.org/source/the-harry-potter-novels/op/op31/
ga_14_50|apparition.course.duration|Apparition|In the sixth book, Harry Potter and the Half-Blood Prince, for how many weeks is Wilkie Twycross scheduled to teach the Apparition course?|Twelve|Eight|Ten|Fourteen|Twycross introduces a course lasting twelve weeks. This occurs in the sixth book, Harry Potter and the Half-Blood Prince, chapter 18.|hbp|18|https://www.hp-lexicon.org/source/the-harry-potter-novels/hbp/hbp18/
ga_15_41|school.cauldron.size|School supplies|In the first book, Harry Potter and the Philosopher's Stone, what size cauldron appears on Harry's school equipment list?|Size two|Size one|Size three|Size four|The first-year equipment list specifies a size-two cauldron. This occurs in the first book, Harry Potter and the Philosopher's Stone, chapter 5.|ps|5|https://www.hp-lexicon.org/source/the-harry-potter-novels/ps/ps5/
ga_15_42|ron.missing.card.pair|Chocolate Frog cards|In the first book, Harry Potter and the Philosopher's Stone, which pair of Chocolate Frog cards does Ron say he is missing on his first train journey with Harry?|Agrippa and Ptolemy|Merlin and Morgana|Dumbledore and Flamel|Circe and Cliodna|Ron says that Agrippa and Ptolemy are still missing from his card collection. This occurs in the first book, Harry Potter and the Philosopher's Stone, chapter 6.|ps|6|https://www.hp-lexicon.org/source/the-harry-potter-novels/ps/ps6/
ga_15_43|nick.execution.blows|Ghosts|In the second book, Harry Potter and the Chamber of Secrets, how many axe blows does Nick say were used in his botched execution?|Forty-five|Thirty-five|Forty|Fifty|Nick says that forty-five axe blows failed to sever his head completely. This occurs in the second book, Harry Potter and the Chamber of Secrets, chapter 8.|cs|8|https://www.hp-lexicon.org/source/the-harry-potter-novels/cs/cs8/
ga_15_44|kwikspell.nettles.town|Correspondence courses|In the second book, Harry Potter and the Chamber of Secrets, which town is Madam Nettles from in the Kwikspell advertisement Harry reads?|Topsham|Didsbury|Little Whinging|Budleigh Babberton|The Kwikspell advertisement identifies Madam Nettles as a customer from Topsham. This occurs in the second book, Harry Potter and the Chamber of Secrets, chapter 8.|cs|8|https://www.hp-lexicon.org/thing/kwikspell/
ga_15_45|kwikspell.prod.transformation|Correspondence courses|In the second book, Harry Potter and the Chamber of Secrets, which creature does the wizard from Didsbury claim to have turned his wife into after using Kwikspell?|A yak|A goat|A donkey|A llama|The wizard from Didsbury claims that he transformed his wife into a yak. This occurs in the second book, Harry Potter and the Chamber of Secrets, chapter 8.|cs|8|https://www.hp-lexicon.org/thing/kwikspell/
ga_15_46|ice.mice.effects|Hogsmeade sweets|In the third book, Harry Potter and the Prisoner of Azkaban, which sweets does Honeydukes advertise as making your teeth chatter and squeak?|Ice Mice|Pepper Imps|Jelly Slugs|Sugar Quills|Ice Mice make the customer's teeth chatter and squeak. This occurs in the third book, Harry Potter and the Prisoner of Azkaban, chapter 10.|pa|10|https://www.hp-lexicon.org/source/the-harry-potter-novels/pa/pa10/
ga_15_47|bagman.brother.name|Ministry officials|In the fourth book, Harry Potter and the Goblet of Fire, what is the first name of Ludo Bagman's brother?|Otto|Oswald|Orville|Oscar|Ludo Bagman's brother is Otto. This occurs in the fourth book, Harry Potter and the Goblet of Fire, chapter 5.|gf|5|https://www.hp-lexicon.org/character/bagman-family/otto-bagman/
ga_15_48|fleur.wand.length|Wands|In the fourth book, Harry Potter and the Goblet of Fire, how long is Fleur Delacour's wand when Ollivander examines it?|Nine and a half inches|Ten and a quarter inches|Eleven and a half inches|Twelve and a quarter inches|Ollivander measures Fleur's wand at nine and a half inches. This occurs in the fourth book, Harry Potter and the Goblet of Fire, chapter 18.|gf|18|https://www.hp-lexicon.org/source/the-harry-potter-novels/gf/gf18/
ga_15_49|harry.charms.exam.confusion|Examinations|In the fifth book, Harry Potter and the Order of the Phoenix, which charm does Harry confuse with a Colour-Change Charm during his practical Charms exam?|A Growth Charm|A Freezing Charm|A Summoning Charm|A Silencing Charm|Harry accidentally uses a Growth Charm instead of changing the rat's colour. This occurs in the fifth book, Harry Potter and the Order of the Phoenix, chapter 31.|op|31|https://www.hp-lexicon.org/magic/colour-change/
ga_15_50|hermione.horcrux.warning.book|Magical books|In the sixth book, Harry Potter and the Half-Blood Prince, which book gives Hermione only a brief warning instead of useful information about Horcruxes?|Magick Moste Evile|Secrets of the Darkest Art|Moste Potente Potions|A Guide to Advanced Transfiguration|Magick Moste Evile gives Hermione a warning about Horcruxes rather than useful instructions. This occurs in the sixth book, Harry Potter and the Half-Blood Prince, chapter 18.|hbp|18|https://www.harrypotter.com/features/harry-potter-101-dark-magical-objects
